gene1	gene2	chromosome1	chromosome2	breakpoint1	breakpoint2	fusion_strand1	fusion_strand2	gene_strand1	gene_strand2	type	site1	site2	transcript_id1	transcript_id2	reading_frame	id	protein_id	protein_id_right	retained_peptide1	lost_peptide1	retained_peptide2	lost_peptide2
TMPRSS2	ERG	21	21	41508081	38584945	-	-	-	-	deletion	5'UTR/splice-site	5'UTR/splice-site	ENST00000332149	ENST00000442448	.	1	ENSP00000330330	ENSP00000394694	.	.	.	.
TMPRSS2	ERG	21	21	41511863	38584945	-	-	-	-	deletion	CDS/splice-site	5'UTR/splice-site	ENST00000679263	ENST00000442448	out-of-frame	2	ENSP00000504602	ENSP00000394694	MPLNQKAKRELCIGWGDPSGLPRRSYRLLLLHQEG	HIEHSRYLSLLDAVDNSKMALNSGSPPAIGPYYENHGYQPENPYPAQPTVVPTVYEVHPAQYYPSPVPQYAPRVLTQASNPVVCTQPKSPSGTVCTSKTKKALCITLTLGTFLVGAALAAGLLWKFMGSKCSNSGIECDSSGTCINPSNWCDGVSHCPGGEDENRCVRLYGPNFILQVYSSQRKSWHPVCQDDWNENYGRAACRDMGYKNNFYSSQGIVDDSGSTSFMKLNTSAGNVDIYKKLYHSDACSSKAVVSLRCIACGVNLNSSRQSRIVGGESALPGAWPWQVSLHVQNVHVCGGSIITPEWIVTAAHCVEKPLNNPWHWTAFAGILRQSFMFYGAGYQVEKVISHPNYDSKTKNNDIALMKLQKPLTFNDLVKPVCLPNPGMMLQPEQLCWISGWGATEEKGKTSEVLNAAKVLLIETQRCNSRYVYDNLITPAMICAGFLQGNVDSCQGDSGGPLVTSKNNIWWLIGDTSWGSGCAKAYRPGVYGNVMVFTDWIYRQMRADG	.	.
TMPRSS2	ERG	21	21	41507950	38584945	-	-	-	-	deletion	CDS/splice-site	5'UTR/splice-site	ENST00000678348	ENST00000485493	.	3	ENSP00000503556		.	.	.	.
ZFP91	AL162596.1	11	1	58584884	152860677	+	+	+	+	translocation	CDS/splice-site	5'UTR/splice-site	ENST00000316059	ENST00000650277	out-of-frame	4	ENSP00000339030	ENSP00000497579	MPGETEEPRPPEQQDQEGGEAAKAAPEEPQQRPPEAVAAAPAGTTSSRVLRGGRDRGRAAAAAAAAAVSRRRKAEYPRRRRSSPSARPPDVPGQQPQAAKSPSPVQGKKSPRLLCIEKVTTDKD	PKEEKEEEDDSALPQEVSIAASRPSRGWRSSRTSVSRHRDTENTRSSRSKTGSLQLICKSEPNTDQLDYDVGEEHQSPGGISSEEEEEEEEEMLISEEEIPFKDDPRDETYKPHLERETPKPRRKSGKVKEEKEKKEIKVEVEVEVKEEENEIREDEEPPRKRGRRRKDDKSPRLPKRRKKPPIQYVRCEMEGCGTVLAHPRYLQHHIKYQHLLKKKYVCPHPSCGRLFRLQKQLLRHAKHHTDQRDYICEYCARAFKSSHNLAVHRMIHTGEKPLQCEICGFTCRQKASLNWHMKKHDADSFYQFSCNICGKKFEKKDSVVAHKAKSHPEVLIAEALAANAGALITSTDILGTNPESLTQPSDGQGLPLLPEPLGNSTSGECLLLEAEGMSKSYCSGTERVSLMADGKIFVGSGSSGGTEGLVMNSDILGATTEVLIEDSDSAGP	.	.
ZFP91-CNTF	AL162596.1	11	1	58584884	152860677	+	+	+	+	translocation	CDS/splice-site	5'UTR/splice-site	ENST00000389919	ENST00000650277	out-of-frame	5	ENSP00000455911	ENSP00000497579	MPGETEEPRPPEQQDQEGGEAAKAAPEEPQQRPPEAVAAAPAGTTSSRVLRGGRDRGRAAAAAAAAAVSRRRKAEYPRRRRSSPSARPPDVPGQQPQAAKSPSPVQGKKSPRLLCIEKVTTDKD	PKEEKEEEDDSALPQEVSIAASRPSRGWRSSRTSVSRHRDTENTRSSRSKTGSLQLICKSEPNTDQLDYDVGEEHQSPGGISSEEEEEEEEEMLISEEEIPFKDDPRDETYKPHLERETPKPRRKSGKVKEEKEKKEIKVEVEVEVKEEENEIREDEEPPRKRGRRRKDDKSPRLPKRRKKPPIQYVRCEMEGCGTVLAHPRYLQHHIKYQHLLKKKYVCPHPSCGRLFRLQKQLLRHAKHHTDQRDYICEYCARAFKSSHNLAVHRMIHTGEKPLQCEICGFTCRQKASLNWHMKKHDADSFYQFSCNICGKKFEKKDSVVAHKAKSHPEVLIAEALAANAGALITSTDILGTNPESLTQPSDGQGLPLLPEPLGNSTSGECLLLEAEGMSKSYCSGTERSIHR	.	.
PTEN	PACS1	10	11	87894109	66193486	+	+	+	+	translocation	CDS/splice-site	CDS/splice-site	ENST00000371953	ENST00000320580	in-frame	6	ENSP00000361021	ENSP00000316454	MTAIIKEIVSRNKRRYQEDGFDLDLTYIYPNIIAMGFPAERLEGVYRNNIDDVVR	FLDSKHKNHYKIYNLCAERHYDTAKFNCRVAQYPFEDHNPPQLELIKPFCEDLDQWLSEDDNHVAAIHCKAGKGRTGVMICAYLLHRGKFLKAQEALDFYGEVRTRDKKGVTIPSQRRYVYYYSYLLKNHLDYRPVALLFHKMMFETIPMFSGGTCNPQFVVCQLKVKIYSSNSGPTRREDKFMYFEFPQPLPVCGDIKVEFFHKQNKMLKKDKMFHFWVNTFFIPGPEETSEKVENGSLCDQEIDSICSIERADNDKEYLVLTLTKNDLDKANKDKANRYFSPNFKVKLYFTKTVEEPSNPEASSSTSVTPDVSDNEPDHYRYSDTTDSDPENEPFDEDQHTQITKV	MAERGGAGGGPGGAGGGSGQRGSGVAQSPQQPPPQQQQQQPPQQPTPPKLAQATSSSSSTSAAAASSSSSSTSTSMAVAVASGSAPPGGPGPGRTPAPVQMNLYATWEVDRSSSSCVPR	LFSLTLKKLVMLKEMDKDLNSVVIAVKLQGSKRILRSNEIVLPASGLVETELQLTFSLQYPHFLKRDANKLQIMLQRRKRYKNRTILGYKTLAVGLINMAEVMQHPNEGALVLGLHSNVKDVSVPVAEIKIYSLSSQPIDHEGIKSKLSDRSPDIDNYSEEEEESFSSEQEGSDDPLHGQDLFYEDEDLRKVKKTRRKLTSTSAITRQPNIKQKFVALLKRFKVSDEVGFGLEHVSREQIREVEEDLDELYDSLEMYNPSDSGPEMEETESILSTPKPKLKPFFEGMSQSSSQTEIGSLNSKGSLGKDTTSPMELAALEKIKSTWIKNQDDSLTETDTLEITDQDMFGDASTSLVVPEKVKTPMKSSKTDLQGSASPSKVEGVHTPRQKRSTPLKERQLSKPLSERTNSSDSERSPDLGHSTQIPRKVVYDQLNQILVSDAALPENVILVNTTDWQGQYVAELLQDQRKPVVCTCSTVEVQAVLSALLTRIQRYCNCNSSMPRPVKVAAVGGQSYLSSILRFFVKSLANKTSDWLGYMRFLIIPLGSHPVAKYLGSVDSKYSSSFLDSGWRDLFSRSEPPVSEQLDVAGRVMQYVNGAATTHQLPVAEAMLTCRHKFPDEDSYQKFIPFIGVVKVGLVEDSPSTAGDGDDSPVVSLTVPSTSPPSSSGLSRDATATPPSSPSMSSALAIVGSPNSPYGDVIGLQVDYWLGHPGERRREGDKRDASSKNTLKSVFRSVQVSRLPHSGEAQLSGTMAMTVVTKEKNKKVPTIFLSKKPREKEVDSKSQVIEGISRLICSAKQQQTMLRVSIDGVEWSDIKFFQLAAQWPTHVKHFPVGLFSGSKAT
PDRG1	RUNX1T1	20	8	31950312	92099639	-	+	-	-	translocation/5'-5'	CDS/splice-site	5'UTR	ENST00000202017	.	out-of-frame	7	ENSP00000202017		MLSPEAERVLRYLVEVEELAEEVLADKRQIVDLDTKRNQNREGLRALQKDLSLSE	DVMVCFGNMFIKMPHPETKEMIEKDQDHLDKEIEKLRKQLKVKVNRLFEAQGKPELKGFNLNPLNQDELKALKVILKG	.	.
PEMT	SLC35B1	17	17	17576920	49705896	-	-	-	-	duplication	CDS/splice-site	CDS/splice-site	ENST00000255389	ENST00000240333	in-frame	8	ENSP00000255389	ENSP00000240333	MKRSGNPGAEVTNSSVAGPDCCGGLGNIDFRQADFCVMTRLLGYVDPLDPSFVAAVITITFNPLYWNV	VARWEHKTRKLSRAFGSPYLACYSLSVTILLLNFLRSHCFTQAMLSQPRMESLDTPAAYSLGLALLGLGVVLVLSSFFALGFAGTFLGDYFGILKEARVTVFPFNILDNPMYWGSTANYLGWAIMHASPTGLLLTVLVALTYIVALLYEEPFTAEIYRQKASGSHKRS	MASSSSLVPDRLRLPLCFLGVFVCYFYYGILQEKITRGKYGEGAKQETFTFALTLVFIQCVINAVFAKILIQFFDTARVDRTRSWLYAACSISYLGAMVSSNSALQFVNYPTQV	LGKSCKPIPVMLLGVTLLKKKYPLAKYLCVLLIVAGVALFMYKPKKVVGIEEHTVGYGELLLLLSLTLDGLTGVSQDHMRAHYQTGSNHMMLNINLWSTLLLGMGILFTGELWEFLSFAERYPAIIYNILLFGLTSALGQSFIFMTVVYFGPLTCSIITTTRKFFTILASVILFANPISPMQWVGTVLVFLGLGLDAKFGKGAKKTSH
PTDSS1	AC118650.1(287860),HSPA8P13(232337)	8	8	96306556	46316752	+	-	+	.	inversion	CDS/splice-site	intergenic	ENST00000517309	.	out-of-frame	9	ENSP00000430548		MASCVGSRTLSKDDVNYKMHFRMINEQQVEDITIDFFYRPHTITLLSFTIVSLMYFAFTRDDSVPEDNIWRGILSVIFFFLIISVLAFPNGPFTRPHPALWRMVFGLSVLYFLFLVFLLFLNFEQVKSLMYWLDPNLRYATREADVMEYAVNCHVITWERIISHFDIFAFGHFWGWAMKALLIRSYGLCWTISITWELTELFFMHLLPNFAECWWDQVILDILLCNGGGIWLGMVVCRFLEMRTYHWASFKDIHTTTGKIKRAVLQFTPASWTYVRWFDPKSSFQRVAGVYLFMIIWQLTELNTFFLKHIFVFQASHPLSWGRILFIGGITAPTVR	QYYAYLTDTQCKRVGTQCWVFGVIGFLEAIVCIKFGQDLFSKTQILYVVLWLLCVAFTTFLCLYGMIWYAEHYGHREKTYSECEDGTYSPEISWHHRKGTKGSEDSPPKHAGNNESHSSRRRNRHSKSKVTNGVGKK	.	.
PRPF4B	AL139095.4	6	6	4052873	7298585	+	+	+	+	deletion	CDS/splice-site	exon/splice-site	ENST00000480058	ENST00000379928	out-of-frame	10	ENSP00000433547		MAAAETQSLREQPEMEDANSEKSINEENGEVSEDQSQNKHSRHKKKKHKHRSKHKKHKHSSEEDKDKKHKHKHKHKKHKRKEIIDASDKEGMSPAKRTKLDDLALLEDLEKQRALIKAELDNELMEGKVQSGMGLILQGYESGSEEEGEIHEKARNGNRSSTRSSSTKGKLELVDNKITTKKRSKSRSKERTRHRSDKKKSKGGIEIVKEKTTRSKSKERKKSKSPSKRSKSQDQARKSKSPTLRRRSQEKIGKARSPTDDKVKIEDKSKSKDRKKSPIINESRSRDRGKKSRSPVDLRGKSKDRRSRSKERKSKRSETDKEKKPIKSPSKDASSGKENRSPSRRPGRSPKRRSLSPKPRDKSRRSRSPLLNDRRSKQSKSPSRTLSPGRRAKSRSLERKRREPERRRLSSPRTRPRDDILSRRERSKDASPINRWSPTRRRSRSPIRRRSRSPLRRSRSPRRRSRSPRRRDRGRRSRSRLRRRSRSRGGRRRRSRSKVKEDKFKGSLSEGMKVEQESSSDDNLEDFDVEEEDEEALIEQRRIQRQAIVQKYKYLAEDSNMSVPSEPSSPQSSTRTRSPSPDDILERVAADVKEYERENVDTFEASVKAKHNLMTVEQNNGSSQKKLLAPDMFTESDDMFAAYFDSARLRAAGIGKDFKENPNLRDNWTDAEGYYRVNIGEVLDKRYNVYGYTGQGVFSNVVRARDNARANQEVAVKIIRNNELMQKTGLKELEFLKKLNDADPDDKFHCLRLFRHFYHKQHLCLVFEPLSMNLREVLKKYGKDVGLHIKAVRSYSQQLFLALKLLKRCNILHADIKPDNIL	VNESKTILKLCDFGSASHVADNDITPYLVSRFYRAPEIIIGKSYDYGIDMWSVGCTLYELYTGKILFPGKTNNHMLKLAMDLKGKMPNKMIRKGVFKDQHFDQNLNFMYIEVDKVTEREKVTVMSTINPTKDLLADLIGCQRLPEDQRKKVHQLKDLLDQILMLDPAKRISINQALQHAFIQEKI	.	.
TTLL9	AC068888.1	20	12	31943055	53053574	+	-	+	-	translocation	CDS/splice-site	exon/splice-site	ENST00000310998	ENST00000668380	.	11	ENSP00000308980		.	.	.	.
PDRG1	ARF3	20	12	31950312	48952885	-	-	-	-	translocation	CDS/splice-site	intron	ENST00000202017	.	out-of-frame	12	ENSP00000202017		MLSPEAERVLRYLVEVEELAEEVLADKRQIVDLDTKRNQNREGLRALQKDLSLSE	DVMVCFGNMFIKMPHPETKEMIEKDQDHLDKEIEKLRKQLKVKVNRLFEAQGKPELKGFNLNPLNQDELKALKVILKG	.	.
PDRG1	AC073610.2	20	12	31950312	48952885	-	-	-	-	translocation	CDS/splice-site	intron	ENST00000202017	.	out-of-frame	13	ENSP00000202017		MLSPEAERVLRYLVEVEELAEEVLADKRQIVDLDTKRNQNREGLRALQKDLSLSE	DVMVCFGNMFIKMPHPETKEMIEKDQDHLDKEIEKLRKQLKVKVNRLFEAQGKPELKGFNLNPLNQDELKALKVILKG	.	.
TMEM52B	TTLL9	12	20	10190076	31937396	-	+	+	+	translocation/3'-3'	CDS	CDS/splice-site	.	ENST00000644596	.	14		ENSP00000495394	.	.	MSRPKNQNYKGHGLSKGKEREQRASIRFKTTLMNTLMDVLRHRPGWVEVKDEGEWDFYWCDVSWLRENFDHTYMDEHVRISHFRNHYELTRKNYMVKNLKRFRKQLEREAGKLEAAKCDFFPKTFEMPCEYHLFVEEFRKNPGITWIMKPVARSQGKGIFLFRRLKDIVDWRKDTRSSDDQKDDIPVENYVAQRYIENPYLIGGRKFDLRVYVLVMSYIPLRAWLYRDGFARFSNTRFTLNSIDDQYVHLTNVAVQKTSPDYHPKKGCKWTLQRFRQYLASKHGPEAVETLFRDIDNIFVKSLQSVQKVIISDKHCFELYGYDILIDQDLKP	WLLEVNASPSLTASSQEDYELKTCLLEDTLHVVDMEARSLRADSPCW
AC068888.1	DCHS2(29769),AC110753.1(1919)	12	4	53054321	154521568	-	+	-	.	translocation	exon/splice-site	intergenic	ENST00000662901	.	.	15			.	.	.	.
RNF165	AL139095.4	18	6	46366996	7296298	.	.	+	+	translocation	intron	intron	.	.	.	16			.	.	.	.
RUNX1T1	ARF3	8	12	92095083	48948489	-	+	-	-	translocation/5'-5'	CDS	intron	ENST00000613886	.	.	17			.	.	.	.
RUNX1T1	AC073610.2	8	12	92095083	48948489	-	+	-	-	translocation/5'-5'	CDS	intron	ENST00000613886	.	.	18			.	.	.	.
TIGD5	AC079340.1(2857),AC079340.2(25557)	8	4	143602319	152181430	+	+	+	.	translocation	3'UTR	intergenic	ENST00000504548	.	.	19	ENSP00000421489		.	.	.	.
AC067930.2	MAILR(12312),NPM1P52(2008)	8	8	143633490	103014736	-	-	-	.	deletion	exon	intergenic	ENST00000524808	.	.	20			.	.	.	.
PGK1	TAF9B	X	X	78128537	78132026	.	.	+	-	duplication/3'-3'	3'UTR	intron	.	.	.	21			.	.	.	.
AL035414.1(21105),HHAT(2607)	RUNX1T1	1	8	210325645	92005274	.	.	.	-	translocation	intergenic	CDS	.	.	.	22			.	.	.	.
AL109935.1(7560),GPCPD1(990)	BOD1L1	20	4	5543449	13569490	.	.	.	-	translocation	intergenic	3'UTR	.	.	.	23			.	.	.	.
R3HCC1L	AL391684.1	10	10	98230589	99456760	.	.	+	+	inversion/3'-3'	intron	intron	.	.	.	24			.	.	.	.
PTDSS1	SPRYD3	8	12	96304181	53067705	+	-	+	-	translocation	CDS/splice-site	CDS/splice-site	ENST00000517309	ENST00000301463	in-frame	25	ENSP00000430548	ENSP00000301463	MASCVGSRTLSKDDVNYKMHFRMINEQQVEDITIDFFYRPHTITLLSFTIVSLMYFAFTRDDSVPEDNIWRGILSVIFFFLIISVLAFPNGPFTRPHPALWRMVFGLSVLYFLFLVFLLFLNFEQVKSLMYWLDPNLRYATREADVMEYAVNCHVITWERIISHFDIFAFGHFWGWAMKALLIRSYGLCWTISITWELTELFFMHLLPNFAECWWDQVILDILLCNGGGIWLGMVVCRFLEMRTYHWASFKDIHTTTGKIKRAVLQFTPASWTYVRWFDPKSSFQRVAGVYLFMIIWQ	LTELNTFFLKHIFVFQASHPLSWGRILFIGGITAPTVRQYYAYLTDTQCKRVGTQCWVFGVIGFLEAIVCIKFGQDLFSKTQILYVVLWLLCVAFTTFLCLYGMIWYAEHYGHREKTYSECEDGTYSPEISWHHRKGTKGSEDSPPKHAGNNESHSSRRRNRHSKSKVTNGVGKK	MRRTRRPRFVLMNKMDDLNLHYRFLNWRRRIREIREVRAFRYQERFKHILVDGDTLSYHGNSGEVGCYVASRPLTKDSNYFEVSIVDSGVRGTIAVGLVPQYYSLDHQPGWLPDSVAYHADDGKLYNGRAKGRQFGSKCNSGDRIGCGIEPVSFDVQTAQIFFTKNGKRVGSTIMPMSPDGLFPAVGMHSLGEEVRLHLNAELGREDDSVMMVDSYEDEWGRLHDVRVCGTLLEYLGKGKSIVDVGLAQARHPLSTRSHYFEVEIVDPGEKCYIALGLARKD	YPKNRHPGWSRGSVAYHADDGKIFHGSGVGDPFGPRCYKGDIMGCGIMFPRDYILDSEGDSDDSCDTVILSPTARAVRNVRNVMYLHQEGEEEEEEEEEEEDGEEIEPEHEGRKVVVFFTRNGKIIGKKDAVVPSGGFFPTIGMLSCGEKVKVDLHPLSG
SSR1	RNF165	6	18	7296298	46366996	-	-	-	+	translocation/5'-5'	intron	intron	.	.	.	26			.	.	.	.
RACK1	RACK1	5	5	181236948	181238098	-	+	-	-	inversion/5'-5'	3'UTR	intron	ENST00000512805	.	stop-codon	27	ENSP00000426909		.	.	.	.
MALT1	AC104365.2(15462),RNU6-219P(31964)	18	18	58743091	58773304	.	.	+	.	deletion/read-through	intron	intergenic	.	.	.	28			.	.	.	.
GUSBP1	CDH12	5	5	21505507	21965719	.	.	+	-	deletion/5'-5'	intron	intron	.	.	.	29			.	.	.	.
TNS2	TTLL9	12	20	53053985	31943702	+	-	+	+	translocation/5'-5'	CDS	3'UTR	ENST00000314276	.	.	30	ENSP00000319756		MDGGGVCVGRGDLLSSPQALGQLLRKESRPRRAMKPRKAEPHSFREKVFRKKPPVCAVCKVTIDGTGVSCRVCKVATHRKCEAKVTSACQALPPVELRRNTAPVRRIEHLGSTKSLN	HSKQRSTLPRSFSLDPLMERRWDLDLTYVTERILAAAFPARPDEQRHRGHLRELAHVLQSKHRDKYLLFNLSEKRHDLTRLNPKVQDFGWPELHAPPLDKLCSICKAMETWLSADPQHVVVLYCKGNKGKLGVIVSAYMHYSKISAGADQALATLTMRKFCEDKVATELQPSQRRYISYFSGLLSGSIRMNSSPLFLHYVLIPMLPAFEPGTGFQPFLKIYQSMQLVYTSGVYHIAGPGPQQLCISLEPALLLKGDVMVTCYHKGGRGTDRTLVFRVQFHTCTIHGPQLTFPKDQLDEAWTDERFPFQASVEFVFSSSPEKIKGSTPRNDPSVSVDYNTTEPAVRWDSYENFNQHHEDSVDGSLTHTRGPLDGSPYAQVQRPPRQTPPAPSPEPPPPPMLSVSSDSGHSSTLTTEPAAESPGRPPPTAAERQELDRLLGGCGVASGGRGAGRETAILDDEEQPTVGGGPHLGVYPGHRPGLSRHCSCRQGYREPCGVPNGGYYRPEGTLERRRLAYGGYEGSPQGYAEASMEKRRLCRSLSEGLYPYPPEMGKPATGDFGYRAPGYREVVILEDPGLPALYPCPACEEKLALPTAALYGLRLEREAGEGWASEAGKPLLHPVRPGHPLPLLLPACGHHHAPMPDYSCLKPPKAGEEGHEGCSYTMCPEGRYGHPGYPALVTYSYGGAVPSYCPAYGRVPHSCGSPGEGRGYPSPGAHSPRAGSISPGSPPYPQSRKLSYEIPTEEGGDRYPLPGHLASAGPLASAESLEPVSWREGPSGHSTLPRSPRDAPCSASSELSGPSTPLHTSSPVQGKESTRRQDTRSPTSAPTQRLSPGEALPPVSQAGTGKAPELPSGSGPEPLAPSPVSPTFPPSSPSDWPQERSPGGHSDGASPRSPVPTTLPGLRHAPWQGPRGPPDSPDGSPLTPVPSQMPWLVASPEPPQSSPTPAFPLAASYDTNGLSQPPLPEKRHLPGPGQQPGPWGPEQASSPARGISHHVTFAPLLSDNVPQTPEPPTQESQSNVKFVQDTSKFWYKPHLSRDQAIALLKDKDPGAFLIRDSHSFQGAYGLALKVATPPPSAQPWKGDPVEQLVRHFLIETGPKGVKIKGCPSEPYFGSLSALVSQHSISPISLPCCLRIPSKDPLEETPEAPVPTNMSTAADLLRQGAACSVLYLTSVETESLTGPQAVARASSAALSCSPRPTPAVVHFKVSAQGITLTDNQRKLFFRRHYPVNSITFSSTDPQDRRWTNPDGTTSKIFGFVAKKPGSPWENVCHLFAELDPDQPAGAIVTFITKVLLGQRK	.	.
AL033523.1	PRPF4B	6	6	3637342	4053426	.	.	-	+	duplication/5'-5'	intron	intron	.	.	.	31			.	.	.	.
PCAT18	KCTD1	18	18	26703392	26643194	-	-	-	-	deletion/read-through	exon/splice-site	intron	ENST00000579458	.	.	32			.	.	.	.
PCAT18	KCTD1	18	18	26703392	26581729	-	-	-	-	deletion/read-through	exon/splice-site	exon/splice-site	ENST00000579458	ENST00000584630	.	33			.	.	.	.
PRPF4B	CAGE1	6	6	4052792	7362421	+	+	+	-	deletion/5'-5'	CDS	intron	ENST00000480058	.	.	34	ENSP00000433547		MAAAETQSLREQPEMEDANSEKSINEENGEVSEDQSQNKHSRHKKKKHKHRSKHKKHKHSSEEDKDKKHKHKHKHKKHKRKEIIDASDKEGMSPAKRTKLDDLALLEDLEKQRALIKAELDNELMEGKVQSGMGLILQGYESGSEEEGEIHEKARNGNRSSTRSSSTKGKLELVDNKITTKKRSKSRSKERTRHRSDKKKSKGGIEIVKEKTTRSKSKERKKSKSPSKRSKSQDQARKSKSPTLRRRSQEKIGKARSPTDDKVKIEDKSKSKDRKKSPIINESRSRDRGKKSRSPVDLRGKSKDRRSRSKERKSKRSETDKEKKPIKSPSKDASSGKENRSPSRRPGRSPKRRSLSPKPRDKSRRSRSPLLNDRRSKQSKSPSRTLSPGRRAKSRSLERKRREPERRRLSSPRTRPRDDILSRRERSKDASPINRWSPTRRRSRSPIRRRSRSPLRRSRSPRRRSRSPRRRDRGRRSRSRLRRRSRSRGGRRRRSRSKVKEDKFKGSLSEGMKVEQESSSDDNLEDFDVEEEDEEALIEQRRIQRQAIVQKYKYLAEDSNMSVPSEPSSPQSSTRTRSPSPDDILERVAADVKEYERENVDTFEASVKAKHNLMTVEQNNGSSQKKLLAPDMFTESDDMFAAYFDSARLRAAGIGKDFKENPNLRDNWTDAEGYYRVNIGEVLDKRYNVYGYTGQGVFSNVVRARDNARANQEVAVKIIRNNELMQKTGLKELEFLKKLNDADPDDKFHCLRLFRHFYHKQHLCLVFEPLSMNLREVLKKYGKDVGLHIKAVRSY	SQQLFLALKLLKRCNILHADIKPDNILVNESKTILKLCDFGSASHVADNDITPYLVSRFYRAPEIIIGKSYDYGIDMWSVGCTLYELYTGKILFPGKTNNHMLKLAMDLKGKMPNKMIRKGVFKDQHFDQNLNFMYIEVDKVTEREKVTVMSTINPTKDLLADLIGCQRLPEDQRKKVHQLKDLLDQILMLDPAKRISINQALQHAFIQEKI	.	.
PARD3	SHOC2	10	10	34372519	111011725	-	-	-	+	duplication/5'-5'	CDS	CDS	ENST00000374789	.	.	35	ENSP00000363921		MKVTVCFGRTRVVVPCGDGHMKVFSLIQQAVTRYRKAIAKDPNYWIQVHRLEHGDGGILDLDDILCDVADDKDRLVAVFDEQDPHHGGDGTSASSTGTQSPEIFGSELGTNNVSAFQPYQATSEIEVTPSVLRANMPLHVRRSSDPALIGLSTSVSDSNFSSEEPSRKNPTRWSTTAGFLKQNTAGSPKTCDRKKDENYRSLPRDTSNWSNQFQRDNARSSLSASHPMVGKWLEKQEQDEDGTEEDNSRVEPVGHADTGLEHIPNFSLDDMVKLVEVPNDGGPLGIHVVPFSARGGRTLGLLVKRLEKGGKAEHENLFRENDCIVRINDGDLRNRRFEQAQHMFRQAMRTPIIWFHVVPAANKEQYEQLSQSEKNNYYSSRFSPDSQYIDNRSVNSAGLHTVQRAPRLNHPPEQIDSHSRLPHSAHPSGKPPSAPASAPQNVFSTTVSSGYNTKKIGKRLNIQLKKGTEGLGFSITSRDVTIGGSAPIYVKNILPRGAAIQDGRLKAGDRLIEVNGVDLVGKSQEEVVSLLRSTKMEGTVSLLVFRQEDAFHPRELNAEPSQ	MQIPKETKAEDEDIVLTPDGTREFLTFEVPLNDSGSAGLGVSVKGNRSKENHADLGIFVKSIINGGAASKDGRLRVNDQLIAVNGESLLGKTNQDAMETLRRSMSTEGNKRGMIQLIVARRISKCNELKSPGSPPGPELPIETALDDRERRISHSLYSGIEGLDESPSRNAALSRIMGESGKYQLSPTVNMPQDDTVIIEDDRLPVLPPHLSDQSSSSSHDDVGFVTADAGTWAKAAISDSADCSLSPDVDPVLAFQREGFGRQSMSEKRTKQFSDASQLDFVKTRKSKSMDLGIADETKLNTVDDQKAGSPSRDVGPSLGLKKSSSLESLQTAVAEVTLNGDIPFHRPRPRIIRGRGCNESFRAAIDKSYDKPAVDDDDEGMETLEEDTEESSRSGRESVSTASDQPSHSLERQMNGNQEKGDKTDRKKDKTGKEKKKDRDKEKDKMKAKKGMLKGLGDMFRFGKHRKDDKIEKTGKIKIQESFTSEEERIRMKQEQERIQAKTREFRERQARERDYAEIQDFHRTFGCDDELMYGGVSSYEGSMALNARPQSPREGHMMDALYAQVKKPRNSKPSPVDSNRSTPSNHDRIQRLRQEFQQAKQDEDVEDRRRTYSFEQPWPNARPATQSGRHSVSVEVQMQRQRQEERESSQQAQRQYSSLPRQSRKNASSVSQDSWEQNYSPGEGFQSAKENPRYSSYQGSRNGYLGGHGFNARVMLETQELLRQEQRRKEQQMKKQPPSEGPSNYDSYKKVQDPSYAPPKGPFRQDVPPSPSQVARLNRLQTPEKGRPFYS	.	.
ACSL1	AL035414.1(11626),HHAT(12086)	4	1	184775307	210316166	-	-	-	.	translocation	intron	intergenic	.	.	.	36			.	.	.	.
ATP6V1C1	ZNF623	8	8	103021167	143636542	+	-	+	+	inversion/3'-3'	5'UTR	intron	ENST00000395862	.	.	37	ENSP00000379203		.	.	.	.
NPY4R	YAP1(14413),AP000942.1(47223)	10	11	46461058	102247837	-	-	-	.	translocation	intergenic	intergenic	ENST00000374312	.	.	38	ENSP00000363431		.	.	.	.
BPTF	KPNA2	17	17	67894158	68037399	+	+	+	+	deletion/read-through	CDS	CDS	ENST00000306378	ENST00000676857	.	39	ENSP00000307208	ENSP00000503884	MRGRRGRPPKQPAAPAAERCAPAPPPPPPPPTSGPIGGLRSRHRGSSRGRWAAAQAEVAPKTRLSSPRGGSSSRRKPPPPPPAPPSTSAPGRGGRGGGGGRTGGGGGGGHLARTTAARRAVNKVVYDDHESEEEEEEEDMVSEEEEEEDGDAEETQDSEDDEEDEMEEDDDDSDYPEEMEDDDDDASYCTESSFRSHSTYSSTPGRRKPRVHRPRSPILEEKDIPPLEFPKSSEDLMVPNEHIMNVIAIYEVLRNFGTVLRLSPFRFEDFCAALVSQEQCTLMAEMHVVLLKAVLREEDTSNTTFGPADLKDSVNSTLYFIDGMTWPEVLRVYCESDKEYHHVLPYQEAEDYPYGPVENKIKVLQFLVDQFLTTNIAREELMSEGVIQYDDHCRVCHKLGDLLCCETCSAVYHLECVKPPLEEVPEDEWQCEVCVAHKVPGVTDCVAEIQKNKPYIRHEPIGYDRSRRKYWFLNRRLIIEEDTENENEKKIWYYSTKVQLAELIDCLDKDYWEAELCKILEEMREEIHRHMDITEDLTNKARGSNKSFLAAANEEILESIRAKKGDIDNVKSPEETEKDKNETENDSKDAEKNREEFEDQSLEKDSDDKTPDDDPEQGKSEVGDFKSEKSNGELSESPGAGKGASGSTRIITRLRNPDSKLSQLKSQQVAAAAHEANKLFKEGKEVLVVNSQGEISRLSTKKEVIMKGNINNYFKLGQEGKYRVYHNQYSTNSFALNKHQHREDHDKRRHLAHKFCLTPAGEFKWNGSVHGSKVLTISTLRLTITQLENNIPSSFLHPNWASHRANWIKAVQMCSKPREFALALAILECAVKPVVMLPIWRESLGH	TRLHRMTSIEREEKEKVKKKEKKQEEEETMQQATWVKYTFPVKHQVWKQKGEEYRVTGYGGWSWISKTHVYRFVPKLPGNTNVNYRKSLEGTKNNMDENMDESDKRKCSRSPKKIKIEPDSEKDEVKGSDAAKGADQNEMDISKITEKKDQDVKELLDSDSDKPCKEEPMEVDDDMKTESHVNCQESSQVDVVNVSEGFHLRTSYKKKTKSSKLDGLLERRIKQFTLEEKQRLEKIKLEGGIKGIGKTSTNSSKNLSESPVITKAKEGCQSDSMRQEQSPNANNDQPEDLIQGCSESDSSVLRMSDPSHTTNKLYPKDRVLDDVSIRSPETKCPKQNSIENDIEEKVSDLASRGQEPSKSKTKGNDFFIDDSKLASADDIGTLICKNKKPLIQEESDTIVSSSKSALHSSVPKSTNDRDATPLSRAMDFEGKLGCDSESNSTLENSSDTVSIQDSSEEDMIVQNSNESISEQFRTREQDVEVLEPLKCELVSGESTGNCEDRLPVKGTEANGKKPSQQKKLEERPVNKCSDQIKLKNTTDKKNNENRESEKKGQRTSTFQINGKDNKPKIYLKGECLKEISESRVVSGNVEPKVNNINKIIPENDIKSLTVKESAIRPFINGDVIMEDFNERNSSETKSHLLSSSDAEGNYRDSLETLPSTKESDSTQTTTPSASCPESNSVNQVEDMEIETSEVKKVTSSPITSEEESNLSNDFIDENGLPINKNENVNGESKRKTVITEVTTMTSTVATESKTVIKVEKGDKQTVVSSTENCAKSTVTTTTTTVTKLSTPSTGGSVDIISVKEQSKTVVTTTVTDSLTTTGGTLVTSMTVSKEYSTRDKVKLMKFSRPKKTRSGTALPSYRKFVTKSSKKSIFVLPNDDLKKLARKGGIREVPYFNYNAKPALDIWPYPSPRPTFGITWRYRLQTVKSLAGVSLMLRLLWASLRWDDMAAKAPPGGGTTRTETSETEITTTEIIKRRDVGPYGIRSEYCIRKIICPIGVPETPKETPTPQRKGLRSSALRPKRPETPKQTGPVIIETWVAEEELELWEIRAFAERVEKEKAQAVEQQAKKRLEQQKPTVIATSTTSPTSSTTSTISPAQKVMVAPISGSVTTGTKMVLTTKVGSPATVTFQQNKNFHQTFATWVKQGQSNSGVVQVQQKVLGIIPSSTGTSQQTFTSFQPRTATVTIRPNTSGSGGTTSNSQVITGPQIRPGMTVIRTPLQQSTLGKAIIRTPVMVQPGAPQQVMTQIIRGQPVSTAVSAPNTVSSTPGQKSLTSATSTSNIQSSASQPPRPQQGQVKLTMAQLTQLTQGHGGNQGLTVVIQGQGQTTGQLQLIPQGVTVLPGPGQQLMQAAMPNGTVQRFLFTPLATTATTASTTTTTVSTTAAGTGEQRQSKLSPQMQVHQDKTLPPAQSSSVGPAEAQPQTAQPSAQPQPQTQPQSPAQPEVQTQPEVQTQTTVSSHVPSEAQPTHAQSSKPQVAAQSQPQSNVQGQSPVRVQSPSQTRIRPSTPSQLSPGQQSQVQTTTSQPIPIQPHTSLQIPSQGQPQSQPQVQSSTQTLSSGQTLNQVTVSSPSRPQLQIQQPQPQVIAVPQLQQQVQVLSQIQSQVVAQIQAQQSGVPQQIKLQLPIQIQQSSAVQTHQIQNVVTVQAASVQEQLQRVQQLRDQQQKKKQQQIEIKREHTLQASNQSEIIQKQVVMKHNAVIEHLKQKKSMTPAEREENQRMIVCNQVMKYILDKIDKEEKQAAKKRKREESVEQKRSKQNATKLSALLFKHKEQLRAEILKKRALLDKDLQIEVQEELKRDLKIKKEKDLMQLAQATAVAAPCPPVTPAPPAPPAPPPSPPPPPAVQHTGLLSTPTLPAASQKRKREEEKDSSSKSKKKKMISTTSKETKKDTKLYCICKTPYDESKFYIGCDRCQNWYHGRCVGILQSEAELIDEYVCPQCQSTEDAMTVLTPLTEKDYEGLKRVLRSLQAHKMAWPFLEPVDPNDAPDYYGVIKEPMDLATMEERVQRRYYEKLTEFVADMTKIFDNCRYYNPSDSPFYQCAEVLESFFVQKLKGFKASRSHNNKLQSTAS	MSTNENANTPAARLHRFKNKGKDSTEMRRRRIEVNVELR	KAKKDDQMLKRRNVSSFPDDATSPLQENRNNQGTVNWSVDDIVKGINSSNVENQLQATQAARKLLSREKQPPIDNIIRAGLIPKFVSFLGRTDCSPIQFESAWALTNIASGTSEQTKAVVDGGAIPAFISLLASPHAHISEQAVWALGNIAGDGSVFRDLVIKYGAVDPLLALLAVPDMSSLACGYLRNLTWTLSNLCRNKNPAPPIDAVEQILPTLVRLLHHDDPEVLADTCWAISYLTDGPNERIGMVVKTGVVPQLVKLLGASELPIVTPALRAIGNIVTGTDEQTQVVIDAGALAVFPSLLTNPKTNIQKEATWTMSNITAGRQDQIQQVVNHGLVPFLVSVLSKADFKTQKEAVWAVTNYTSGGTVEQIVYLVHCGIIEPLMNLLTAKDTKIILVILDAISNIFQAAEKLGETEKLSIMIEECGGLDKIEALQNHENESVYKASLSLIEKYFSVEVRRSKRCTRNYL
MTCH2	MED15	11	22	47635562	20500746	-	-	-	+	translocation/5'-5'	CDS	5'UTR	ENST00000302503	.	.	40	ENSP00000303222		MADAASQVLLGSGLTILSQPLMYVKVLIQVGYEPLPPTIGRNIFGRQVCQLPGLFSYAQHIASIDGRRGLFTGLTPRLCSGVLGTVVHGKVLQHYQE	SDKGEELGPGNVQKEVSSSFDHVIKETTREMIARSAATLITHPFHVITLRSMVQFIGRESKYCGLCDSIITIYREEGILGFFAGLVPRLLGDILSLWLCNSLAYLVNTYALDSGVSTMNEMKSYSQAVTGFFASMLTYPFVLVSNLMAVNNCGLAGGCPPYSPIYTSWIDCWCMLQKEGNMSRGNSLFFRKVPFGKTYCCDLKMLI	.	.
SHLD2P1	RNLS	10	10	46622494	88529189	.	.	-	-	duplication	intron	intron	.	.	.	41			.	.	.	.
CA2	SLC6A17	8	1	85465369	110181505	+	-	+	+	translocation/5'-5'	CDS	intron	ENST00000285379	.	.	42	ENSP00000285379		MSHHWGYGKHNGPEHWHKDFPIAKGERQSPVDIDTHTAKYDPSL	KPLSVSYDQATSLRILNNGHAFNVEFDDSQDKAVLKGGPLDGTYRLIQFHFHWGSLDGQGSEHTVDKKKYAAELHLVHWNTKYGDFGKAVQQPDGLAVLGIFLKVGSAKPGLQKVVDVLDSIKTKGKSADFTNFDPRGLLPESLDYWTYPGSLTTPPLLECVTWIVLKEPISVSSEQVLKFRKLNFNGEGEPEELMVDNWRPAQPLKNRQIKASFK	.	.
ZNF586	AC010522.1	19	19	57809656	57839916	+	+	+	+	deletion/read-through	intron	intron	.	.	.	43			.	.	.	.
ZNF586	AC010522.1	19	19	57769878	57856107	+	+	+	+	deletion/read-through	CDS/splice-site	CDS/splice-site	ENST00000599802	ENST00000603271	in-frame	44	ENSP00000472972	ENSP00000473738	MAAAAALRAPAQ	MHLWVAPSLQP	MAAAAPRRPTQG	TVTFEDVAVNFSQEEWCLLSEAQRCLYRDVMLENLALISSLGCWCGSKDEEAPCKQRISVQRESQSRTPRAGVSPKKAHPCEMCGLILEDVFHFADHQETHHKQKLNRSGACGKNLDDTA
PTDSS1	TMTC1(158268),AC023511.3(143315)	8	12	96306478	29943027	+	-	+	.	translocation	CDS	intergenic	ENST00000517309	.	.	45	ENSP00000430548		MASCVGSRTLSKDDVNYKMHFRMINEQQVEDITIDFFYRPHTITLLSFTIVSLMYFAFTRDDSVPEDNIWRGILSVIFFFLIISVLAFPNGPFTRPHPALWRMVFGLSVLYFLFLVFLLFLNFEQVKSLMYWLDPNLRYATREADVMEYAVNCHVITWERIISHFDIFAFGHFWGWAMKALLIRSYGLCWTISITWELTELFFMHLLPNFAECWWDQVILDILLCNGGGIWLGMVVCRFLEMRTYHWASFKDIHTTTGKIKRAVLQFTPASWTYVRWFDPKSSFQRVAGVYLFMIIWQLTELNTFFLKHI	FVFQASHPLSWGRILFIGGITAPTVRQYYAYLTDTQCKRVGTQCWVFGVIGFLEAIVCIKFGQDLFSKTQILYVVLWLLCVAFTTFLCLYGMIWYAEHYGHREKTYSECEDGTYSPEISWHHRKGTKGSEDSPPKHAGNNESHSSRRRNRHSKSKVTNGVGKK	.	.
ZNF790-AS1	LINC01535	19	19	36801890	37262604	+	+	+	+	deletion	exon	exon	ENST00000657461	ENST00000591116	.	46			.	.	.	.
YBX1P10	NCOA5	9	20	35971413	46068293	-	-	-	-	translocation	exon	intron	ENST00000444752	.	.	47			.	.	.	.
COX7A2L	KCNG3	2	2	42405687	42446423	.	.	-	-	deletion/read-through	intron	intron	.	.	.	48			.	.	.	.
